{
	"credit": "Made with Blockbench",
	"texture_size": [64, 64],
	"textures": {
		"0": "block/birch_door_top",
		"particle": "block/birch_door_top"
	},
	"elements": [
		{
			"from": [0, 0, 0],
			"to": [2, 13, 3],
			"faces": {
				"north": {"uv": [0, 3, 1, 16], "texture": "#0"},
				"east": {"uv": [2.75, 3, 0, 16], "texture": "#0"},
				"south": {"uv": [1.25, 3, 2.75, 16], "texture": "#0"},
				"west": {"uv": [0, 3, 2.75, 16], "texture": "#0"},
				"up": {"uv": [0, 0, 0.5, 0.75], "texture": "#missing"}
			}
		},
		{
			"from": [0, 0, 13],
			"to": [2, 13, 16],
			"faces": {
				"north": {"uv": [1.25, 3, 2.75, 16], "texture": "#0"},
				"east": {"uv": [16, 3, 13, 16], "texture": "#0"},
				"south": {"uv": [1.25, 3, 2.75, 16], "texture": "#0"},
				"west": {"uv": [13, 3, 16, 16], "texture": "#0"},
				"up": {"uv": [0, 0, 0.5, 0.75], "texture": "#missing"}
			}
		},
		{
			"from": [0, 13, 0],
			"to": [2, 16, 16],
			"faces": {
				"north": {"uv": [0, 0, 1, 3], "texture": "#0"},
				"east": {"uv": [16, 0, 0, 3], "texture": "#0"},
				"south": {"uv": [1.25, 0, 2.75, 3], "texture": "#0"},
				"west": {"uv": [0, 0, 16, 3], "texture": "#0"},
				"up": {"uv": [0.25, 0.25, 15.75, 2.75], "rotation": 90, "texture": "#0"},
				"down": {"uv": [2.75, 0.25, 13, 2.75], "rotation": 90, "texture": "#0"}
			}
		},
		{
			"from": [0.5, 0, 3],
			"to": [1.5, 13, 13],
			"faces": {
				"east": {"uv": [13, 3, 3, 16], "texture": "#0"},
				"west": {"uv": [3, 3, 13, 16], "texture": "#0"}
			}
		}
	],
	"groups": [
		{
			"name": "door",
			"origin": [8, 8, 8],
			"color": 0,
			"children": [0, 1, 2]
		},
		{
			"name": "window",
			"origin": [8, 8, 8],
			"color": 0,
			"children": [3]
		}
	]
}