{
	"credit": "Made with Blockbench",
	"texture_size": [64, 64],
	"textures": {
		"0": "block/birch_door_bottom",
		"particle": "block/birch_door_bottom"
	},
	"elements": [
		{
			"from": [0, 0, 0],
			"to": [2, 12, 16],
			"faces": {
				"north": {"uv": [13.25, 4.25, 15.75, 16], "texture": "#0"},
				"east": {"uv": [0, 4, 16, 16], "texture": "#0"},
				"south": {"uv": [0, 4.25, 1, 16], "texture": "#0"},
				"west": {"uv": [16, 4.25, 0, 16], "texture": "#0"},
				"up": {"uv": [1.5, 0, 2.5, 15.75], "rotation": 180, "texture": "#0"},
				"down": {"uv": [15.75, 4.25, 13.25, 15.75], "rotation": 180, "texture": "#0"}
			}
		},
		{
			"from": [0, 12, 13],
			"to": [2, 16, 16],
			"faces": {
				"north": {"uv": [14, 0.25, 15, 4.5], "texture": "#0"},
				"east": {"uv": [0, 0, 3, 4.25], "texture": "#0"},
				"south": {"uv": [0, 0, 1, 4.25], "texture": "#0"},
				"west": {"uv": [3, 0, 0, 4.25], "texture": "#0"},
				"down": {"uv": [0, 0, 0.5, 1], "rotation": 180, "texture": "#missing"}
			}
		},
		{
			"from": [0, 12, 0],
			"to": [2, 16, 3],
			"faces": {
				"north": {"uv": [14, 0.25, 15, 4.5], "texture": "#0"},
				"east": {"uv": [13, 0, 16, 4.25], "texture": "#0"},
				"south": {"uv": [14, 0.25, 15, 4.5], "texture": "#0"},
				"west": {"uv": [16, 0, 13, 4.25], "texture": "#0"},
				"down": {"uv": [0, 0, 0.5, 1], "rotation": 180, "texture": "#missing"}
			}
		},
		{
			"from": [0.5, 12, 3],
			"to": [1.5, 16, 13],
			"faces": {
				"east": {"uv": [3, 0, 13, 4], "texture": "#0"},
				"west": {"uv": [13, 0, 3, 4], "texture": "#0"}
			}
		}
	],
	"groups": [
		{
			"name": "door",
			"origin": [0, 0, 0],
			"color": 0,
			"children": [0, 1, 2]
		},
		{
			"name": "window",
			"origin": [8, 8, 8],
			"color": 0,
			"children": [3]
		}
	]
}