{
	"credit": "Made with Blockbench",
	"texture_size": [64, 64],
	"textures": {
		"0": "block/crimson_door_top",
		"particle": "block/crimson_door_top"
	},
	"elements": [
		{
			"from": [0, 0, 0],
			"to": [2, 14, 2],
			"faces": {
				"north": {"uv": [0, 2, 1, 16], "texture": "#0"},
				"east": {"uv": [2, 2, 0, 16], "texture": "#0"},
				"south": {"uv": [1, 2, 2, 16], "texture": "#0"},
				"west": {"uv": [0, 2, 2, 16], "texture": "#0"},
				"up": {"uv": [0, 0, 0.5, 0.5], "texture": "#missing"}
			}
		},
		{
			"from": [0, 0, 4],
			"to": [2, 14, 6],
			"faces": {
				"north": {"uv": [4, 2, 5, 16], "texture": "#0"},
				"east": {"uv": [6, 2, 4, 16], "texture": "#0"},
				"south": {"uv": [5, 2, 6, 16], "texture": "#0"},
				"west": {"uv": [4, 2, 6, 16], "texture": "#0"},
				"up": {"uv": [0, 0, 0.5, 0.5], "texture": "#missing"}
			}
		},
		{
			"from": [0, 0, 10],
			"to": [2, 14, 12],
			"faces": {
				"north": {"uv": [10, 2, 11, 16], "texture": "#0"},
				"east": {"uv": [12, 2, 10, 16], "texture": "#0"},
				"south": {"uv": [11, 2, 12, 16], "texture": "#0"},
				"west": {"uv": [10, 2, 12, 16], "texture": "#0"},
				"up": {"uv": [0, 0, 0.5, 0.5], "texture": "#missing"}
			}
		},
		{
			"from": [0, 0, 14],
			"to": [2, 14, 16],
			"faces": {
				"north": {"uv": [14, 2, 15, 16], "texture": "#0"},
				"east": {"uv": [16, 2, 14, 16], "texture": "#0"},
				"south": {"uv": [15, 2, 16, 16], "texture": "#0"},
				"west": {"uv": [14, 2, 16, 16], "texture": "#0"},
				"up": {"uv": [0, 0, 0.5, 0.5], "texture": "#missing"}
			}
		},
		{
			"from": [0, 14, 0],
			"to": [2, 16, 16],
			"faces": {
				"north": {"uv": [0, 0, 1, 2], "texture": "#0"},
				"east": {"uv": [16, 0, 0, 2], "texture": "#0"},
				"south": {"uv": [15, 0, 16, 2], "texture": "#0"},
				"west": {"uv": [0, 0, 16, 2], "texture": "#0"},
				"up": {"uv": [0, 0, 16, 2], "rotation": 90, "texture": "#0"},
				"down": {"uv": [0, 0, 16, 2], "rotation": 90, "texture": "#0"}
			}
		},
		{
			"from": [0.5, 0, 2],
			"to": [1.5, 14, 4],
			"faces": {
				"east": {"uv": [4, 2, 2, 16], "texture": "#0"},
				"west": {"uv": [2, 2, 4, 16], "texture": "#0"}
			}
		},
		{
			"from": [0.5, 0, 12],
			"to": [1.5, 14, 14],
			"faces": {
				"east": {"uv": [14, 2, 12, 16], "texture": "#0"},
				"west": {"uv": [12, 2, 14, 16], "texture": "#0"}
			}
		},
		{
			"from": [0.5, 0, 6],
			"to": [1.5, 14, 10],
			"faces": {
				"east": {"uv": [10, 2, 6, 16], "texture": "#0"},
				"west": {"uv": [6, 2, 10, 16], "texture": "#0"}
			}
		}
	],
	"groups": [
		{
			"name": "door",
			"origin": [8, 8, 8],
			"color": 0,
			"children": [0, 1, 2, 3, 4]
		},
		{
			"name": "window",
			"origin": [8, 8, 8],
			"color": 0,
			"children": [5, 6, 7]
		}
	]
}