{
	"credit": "Made with Blockbench",
	"texture_size": [64, 64],
	"textures": {
		"0": "block/iron_door_top",
		"particle": "block/iron_door_top"
	},
	"elements": [
		{
			"from": [0, 0, 0],
			"to": [2, 3, 16],
			"faces": {
				"north": {"uv": [15, 13, 16, 16], "texture": "#0"},
				"east": {"uv": [0, 13, 16, 16], "texture": "#0"},
				"south": {"uv": [0, 13, 1, 16], "texture": "#0"},
				"west": {"uv": [16, 13, 0, 16], "texture": "#0"},
				"up": {"uv": [4.75, 0.5, 11, 2.75], "rotation": 180, "texture": "#0"}
			}
		},
		{
			"from": [0, 3, 13],
			"to": [2, 13, 16],
			"faces": {
				"north": {"uv": [4.75, 0.5, 11, 2.75], "texture": "#0"},
				"east": {"uv": [0, 3, 3, 13], "texture": "#0"},
				"south": {"uv": [0, 3, 1, 13], "texture": "#0"},
				"west": {"uv": [3, 3, 0, 13], "texture": "#0"},
				"up": {"uv": [0, 0, 0.5, 0.75], "rotation": 180, "texture": "#missing"},
				"down": {"uv": [4.75, 0.5, 11, 2.75], "rotation": 180, "texture": "#0"}
			}
		},
		{
			"from": [0, 3, 0],
			"to": [2, 13, 3],
			"faces": {
				"north": {"uv": [15, 3, 16, 13], "texture": "#0"},
				"east": {"uv": [13, 3, 16, 13], "texture": "#0"},
				"south": {"uv": [4.75, 0.5, 11, 2.75], "texture": "#0"},
				"west": {"uv": [16, 3, 13, 13], "texture": "#0"},
				"up": {"uv": [0, 0, 0.5, 0.75], "rotation": 180, "texture": "#missing"},
				"down": {"uv": [0, 0, 0.5, 0.75], "rotation": 180, "texture": "#missing"}
			}
		},
		{
			"from": [0, 13, 0],
			"to": [2, 16, 16],
			"faces": {
				"north": {"uv": [15, 0, 16, 3], "texture": "#0"},
				"east": {"uv": [0, 0, 16, 3], "texture": "#0"},
				"south": {"uv": [0, 0, 1, 3], "texture": "#0"},
				"west": {"uv": [16, 0, 0, 3], "texture": "#0"},
				"up": {"uv": [0, 0, 16, 3], "rotation": 270, "texture": "#0"},
				"down": {"uv": [4.75, 0.5, 11, 2.75], "rotation": 180, "texture": "#0"}
			}
		},
		{
			"from": [0.5, 3, 3],
			"to": [1.5, 13, 13],
			"faces": {
				"east": {"uv": [3, 3, 13, 13], "texture": "#0"},
				"west": {"uv": [13, 3, 3, 13], "texture": "#0"}
			}
		}
	],
	"groups": [
		{
			"name": "door",
			"origin": [8, 8, 8],
			"color": 0,
			"children": [0, 1, 2, 3]
		},
		{
			"name": "window",
			"origin": [8, 8, 8],
			"color": 0,
			"children": [4]
		}
	]
}