{
	"credit": "Made with Blockbench",
	"texture_size": [64, 64],
	"textures": {
		"0": "block/iron_trapdoor",
		"particle": "block/iron_trapdoor"
	},
	"elements": [
		{
			"from": [0, 16, 0],
			"to": [3, 18, 16],
			"faces": {
				"north": {"uv": [13.25, 0, 16, 2.75], "texture": "#0"},
				"east": {"uv": [0, 0, 16, 2.75], "texture": "#0"},
				"south": {"uv": [0, 0, 2.75, 2.75], "texture": "#0"},
				"west": {"uv": [0, 0, 16, 2.75], "texture": "#0"},
				"up": {"uv": [0, 0, 2.75, 16], "texture": "#0"},
				"down": {"uv": [0, 16, 2.75, 0], "texture": "#0"}
			}
		},
		{
			"from": [13, 16, 0],
			"to": [16, 18, 16],
			"faces": {
				"north": {"uv": [0, 0, 2.75, 2.75], "texture": "#0"},
				"east": {"uv": [0.25, 0, 16, 2.75], "texture": "#0"},
				"south": {"uv": [13.25, 0, 16, 2.75], "texture": "#0"},
				"west": {"uv": [0.25, 0, 16, 2.75], "texture": "#0"},
				"up": {"uv": [13.25, 0, 16, 16], "texture": "#0"},
				"down": {"uv": [13.25, 16, 16, 0], "texture": "#0"}
			}
		},
		{
			"from": [3, 16, 0],
			"to": [13, 18, 3],
			"faces": {
				"north": {"uv": [3, 0, 13, 2.75], "texture": "#0"},
				"east": {"uv": [0, 0, 1, 0.5], "texture": "#missing"},
				"south": {"uv": [3, 0, 13, 2.75], "texture": "#0"},
				"west": {"uv": [0, 0, 1, 0.5], "texture": "#missing"},
				"up": {"uv": [3, 0, 13, 3], "texture": "#0"},
				"down": {"uv": [3, 3, 13, 0], "texture": "#0"}
			}
		},
		{
			"from": [3, 16, 13],
			"to": [13, 18, 16],
			"faces": {
				"north": {"uv": [3, 0, 13, 2.75], "texture": "#0"},
				"east": {"uv": [0, 0, 0.75, 0.5], "texture": "#missing"},
				"south": {"uv": [3, 0, 13, 2.75], "texture": "#0"},
				"west": {"uv": [0, 0, 0.75, 0.5], "texture": "#missing"},
				"up": {"uv": [3, 13, 13, 16], "texture": "#0"},
				"down": {"uv": [3, 16, 13, 13], "texture": "#0"}
			}
		},
		{
			"from": [3, 16.75, 3],
			"to": [13, 17.25, 13],
			"faces": {
				"up": {"uv": [3, 3, 13, 13], "texture": "#0"},
				"down": {"uv": [3, 13, 13, 3], "texture": "#0"}
			}
		}
	],
	"display": {
		"thirdperson_righthand": {
			"rotation": [69, 45, 1],
			"translation": [0, 3.25, 2.25],
			"scale": [0.5, 0.5, 0.5]
		},
		"thirdperson_lefthand": {
			"rotation": [69, 45, 1],
			"translation": [0, 3.25, 2.25],
			"scale": [0.5, 0.5, 0.5]
		},
		"firstperson_righthand": {
			"rotation": [53.75, 0, 0]
		},
		"firstperson_lefthand": {
			"rotation": [53.75, 0, 0]
		},
		"ground": {
			"translation": [0, 2, 0],
			"scale": [0.25, 0.25, 0.25]
		},
		"gui": {
			"rotation": [30, 225, 0],
			"scale": [0.625, 0.625, 0.625]
		},
		"head": {
			"translation": [0, 15, 0]
		},
		"fixed": {
			"rotation": [-90, 0, 0],
			"translation": [0, 0, -7],
			"scale": [0.9, 0.9, 0.9]
		}
	},
	"groups": [
		{
			"name": "trapdoor",
			"origin": [8, 8, 8],
			"color": 3,
			"children": [0, 1, 2, 3]
		},
		{
			"name": "window",
			"origin": [8, 8, 8],
			"color": 0,
			"children": [4]
		}
	]
}