{
	"credit": "Made with Blockbench",
	"texture_size": [64, 64],
	"textures": {
		"0": "block/mangrove_door_top",
		"particle": "block/mangrove_door_top"
	},
	"elements": [
		{
			"from": [0, 0, 10],
			"to": [2, 2, 16],
			"faces": {
				"north": {"uv": [1, 14, 2, 16], "texture": "#0"},
				"east": {"uv": [0, 14, 6, 16], "texture": "#0"},
				"south": {"uv": [0, 14, 1, 16], "texture": "#0"},
				"west": {"uv": [6, 14, 0, 16], "texture": "#0"},
				"up": {"uv": [0, 0, 0.5, 1.5], "rotation": 180, "texture": "#missing"}
			}
		},
		{
			"from": [0, 0, 0],
			"to": [2, 2, 6],
			"faces": {
				"north": {"uv": [15, 14, 16, 16], "texture": "#0"},
				"east": {"uv": [10, 14, 16, 16], "texture": "#0"},
				"south": {"uv": [14, 14, 15, 16], "texture": "#0"},
				"west": {"uv": [16, 14, 10, 16], "texture": "#0"},
				"up": {"uv": [0, 0, 0.5, 1.5], "rotation": 180, "texture": "#missing"}
			}
		},
		{
			"from": [0, 2, 0],
			"to": [2, 5, 16],
			"faces": {
				"north": {"uv": [15, 11, 16, 14], "texture": "#0"},
				"east": {"uv": [0, 11, 16, 14], "texture": "#0"},
				"south": {"uv": [0, 11, 1, 14], "texture": "#0"},
				"west": {"uv": [16, 11, 0, 14], "texture": "#0"},
				"up": {"uv": [0, 11, 16, 12], "rotation": 270, "texture": "#0"},
				"down": {"uv": [0, 11, 16, 12], "rotation": 270, "texture": "#0"}
			}
		},
		{
			"from": [0, 5, 10],
			"to": [2, 9, 16],
			"faces": {
				"north": {"uv": [1, 7, 2, 11], "texture": "#0"},
				"east": {"uv": [0, 7, 6, 11], "texture": "#0"},
				"south": {"uv": [0, 7, 1, 11], "texture": "#0"},
				"west": {"uv": [6, 7, 0, 11], "texture": "#0"},
				"up": {"uv": [0, 0, 0.5, 1.5], "rotation": 180, "texture": "#missing"},
				"down": {"uv": [0, 0, 0.5, 1.5], "rotation": 180, "texture": "#missing"}
			}
		},
		{
			"from": [0, 5, 0],
			"to": [2, 9, 6],
			"faces": {
				"north": {"uv": [15, 7, 16, 11], "texture": "#0"},
				"east": {"uv": [10, 7, 16, 11], "texture": "#0"},
				"south": {"uv": [14, 7, 15, 11], "texture": "#0"},
				"west": {"uv": [16, 7, 10, 11], "texture": "#0"},
				"up": {"uv": [0, 0, 0.5, 1.5], "rotation": 180, "texture": "#missing"},
				"down": {"uv": [0, 0, 0.5, 1.5], "rotation": 180, "texture": "#missing"}
			}
		},
		{
			"from": [0, 9, 0],
			"to": [2, 16, 16],
			"faces": {
				"north": {"uv": [15, 0, 16, 7], "texture": "#0"},
				"east": {"uv": [0, 0, 16, 7], "texture": "#0"},
				"south": {"uv": [0, 0, 1, 7], "texture": "#0"},
				"west": {"uv": [16, 0, 0, 7], "texture": "#0"},
				"up": {"uv": [0, 0, 16, 1], "rotation": 270, "texture": "#0"},
				"down": {"uv": [0, 0, 16, 1], "rotation": 270, "texture": "#0"}
			}
		},
		{
			"from": [0.5, 5, 6],
			"to": [1.5, 9, 10],
			"faces": {
				"east": {"uv": [6, 7, 10, 11], "texture": "#0"},
				"west": {"uv": [10, 7, 6, 11], "texture": "#0"}
			}
		},
		{
			"from": [0.5, 0, 6],
			"to": [1.5, 2, 10],
			"faces": {
				"east": {"uv": [6, 14, 10, 16], "texture": "#0"},
				"west": {"uv": [10, 14, 6, 16], "texture": "#0"}
			}
		}
	],
	"groups": [
		{
			"name": "door",
			"origin": [8, 8, 8],
			"color": 0,
			"children": [0, 1, 2, 3, 4, 5]
		},
		{
			"name": "window",
			"origin": [8, 8, 8],
			"color": 0,
			"children": [6, 7]
		}
	]
}