{
	"credit": "Made with Blockbench",
	"texture_size": [64, 64],
	"textures": {
		"0": "block/oak_door_top",
		"particle": "block/oak_door_top"
	},
	"elements": [
		{
			"from": [0, 0, 0],
			"to": [2, 5, 16],
			"faces": {
				"north": {"uv": [15, 11, 16, 16], "texture": "#0"},
				"east": {"uv": [0, 11, 16, 16], "texture": "#0"},
				"south": {"uv": [0, 11, 1, 16], "texture": "#0"},
				"west": {"uv": [16, 11, 0, 16], "texture": "#0"},
				"up": {"uv": [0, 11.25, 16, 13.25], "rotation": 270, "texture": "#0"}
			}
		},
		{
			"from": [0, 5, 13],
			"to": [2, 8, 16],
			"faces": {
				"north": {"uv": [1, 8, 2, 11], "texture": "#0"},
				"east": {"uv": [0, 8, 3, 11], "texture": "#0"},
				"south": {"uv": [0, 8, 1, 11], "texture": "#0"},
				"west": {"uv": [3, 8, 0, 11], "texture": "#0"},
				"up": {"uv": [0, 0, 0.5, 0.75], "rotation": 180, "texture": "#missing"}
			}
		},
		{
			"from": [0, 5, 0],
			"to": [2, 8, 3],
			"faces": {
				"north": {"uv": [15, 8, 16, 11], "texture": "#0"},
				"east": {"uv": [13, 8, 16, 11], "texture": "#0"},
				"south": {"uv": [15, 8, 16, 11], "texture": "#0"},
				"west": {"uv": [16, 8, 13, 11], "texture": "#0"},
				"up": {"uv": [0, 0, 0.5, 0.75], "rotation": 180, "texture": "#missing"}
			}
		},
		{
			"from": [0, 5, 7],
			"to": [2, 8, 9],
			"faces": {
				"north": {"uv": [7, 8, 8, 11], "texture": "#0"},
				"east": {"uv": [7, 8, 9, 11], "texture": "#0"},
				"south": {"uv": [8, 11, 9, 8], "texture": "#0"},
				"west": {"uv": [9, 8, 7, 11], "texture": "#0"},
				"up": {"uv": [0, 0, 0.5, 0.5], "rotation": 180, "texture": "#missing"}
			}
		},
		{
			"from": [0, 10, 13],
			"to": [2, 13, 16],
			"faces": {
				"north": {"uv": [1, 3, 2, 6], "texture": "#0"},
				"east": {"uv": [0, 3, 3, 6], "texture": "#0"},
				"south": {"uv": [0, 3, 1, 6], "texture": "#0"},
				"west": {"uv": [3, 3, 0, 6], "texture": "#0"},
				"up": {"uv": [0, 0, 0.5, 0.75], "rotation": 180, "texture": "#missing"},
				"down": {"uv": [0, 0, 0.5, 0.75], "rotation": 180, "texture": "#missing"}
			}
		},
		{
			"from": [0, 10, 0],
			"to": [2, 13, 3],
			"faces": {
				"north": {"uv": [15, 3, 16, 6], "texture": "#0"},
				"east": {"uv": [13, 3, 16, 6], "texture": "#0"},
				"south": {"uv": [15, 3, 16, 6], "texture": "#0"},
				"west": {"uv": [16, 3, 13, 6], "texture": "#0"},
				"up": {"uv": [0, 0, 0.5, 0.75], "rotation": 180, "texture": "#missing"},
				"down": {"uv": [0, 0, 0.5, 0.75], "rotation": 180, "texture": "#missing"}
			}
		},
		{
			"from": [0, 10, 7],
			"to": [2, 13, 9],
			"faces": {
				"north": {"uv": [7, 3, 8, 6], "texture": "#0"},
				"east": {"uv": [7, 3, 9, 6], "texture": "#0"},
				"south": {"uv": [8, 3, 9, 6], "texture": "#0"},
				"west": {"uv": [9, 3, 7, 6], "texture": "#0"},
				"up": {"uv": [0, 0, 0.5, 0.5], "rotation": 180, "texture": "#missing"},
				"down": {"uv": [0, 0, 0.5, 0.5], "rotation": 180, "texture": "#missing"}
			}
		},
		{
			"from": [0, 8, 0],
			"to": [2, 10, 16],
			"faces": {
				"north": {"uv": [15, 6, 16, 8], "texture": "#0"},
				"east": {"uv": [0, 6, 16, 8], "texture": "#0"},
				"south": {"uv": [0, 6, 1, 8], "texture": "#0"},
				"west": {"uv": [16, 6, 0, 8], "texture": "#0"},
				"up": {"uv": [0, 0.25, 16, 2.25], "rotation": 270, "texture": "#0"},
				"down": {"uv": [0, 6, 16, 8], "rotation": 270, "texture": "#0"}
			}
		},
		{
			"from": [0, 13, 0],
			"to": [2, 16, 16],
			"faces": {
				"north": {"uv": [15, 0, 16, 3], "texture": "#0"},
				"east": {"uv": [0, 0, 16, 3], "texture": "#0"},
				"south": {"uv": [0, 0, 1, 3], "texture": "#0"},
				"west": {"uv": [16, 0, 0, 3], "texture": "#0"},
				"up": {"uv": [0, 0.5, 16, 2.5], "rotation": 270, "texture": "#0"},
				"down": {"uv": [0, 0.5, 16, 2.5], "rotation": 270, "texture": "#0"}
			}
		},
		{
			"from": [0.5, 5, 9],
			"to": [1.5, 8, 13],
			"faces": {
				"east": {"uv": [3, 8, 7, 11], "texture": "#0"},
				"west": {"uv": [7, 8, 3, 11], "texture": "#0"}
			}
		},
		{
			"from": [0.5, 5, 3],
			"to": [1.5, 8, 7],
			"faces": {
				"east": {"uv": [9, 8, 13, 11], "texture": "#0"},
				"west": {"uv": [13, 8, 9, 11], "texture": "#0"}
			}
		},
		{
			"from": [0.5, 10, 3],
			"to": [1.5, 13, 7],
			"faces": {
				"east": {"uv": [9, 3, 13, 6], "texture": "#0"},
				"west": {"uv": [13, 3, 9, 6], "texture": "#0"}
			}
		},
		{
			"from": [0.5, 10, 9],
			"to": [1.5, 13, 13],
			"faces": {
				"east": {"uv": [3, 3, 7, 6], "texture": "#0"},
				"west": {"uv": [7, 3, 3, 6], "texture": "#0"}
			}
		}
	],
	"groups": [
		{
			"name": "door",
			"origin": [8, 8, 8],
			"color": 0,
			"children": [0, 1, 2, 3, 4, 5, 6, 7, 8]
		},
		{
			"name": "window",
			"origin": [8, 8, 8],
			"color": 0,
			"children": [9, 10, 11, 12]
		}
	]
}