{
	"credit": "Made with Blockbench",
	"texture_size": [64, 64],
	"textures": {
		"0": "block/spruce_trapdoor",
		"1": "block/spruce_trapdoor_windowless",
		"particle": "block/spruce_trapdoor"
	},
	"elements": [
		{
			"from": [0, 0, 0],
			"to": [16, 2, 4],
			"faces": {
				"north": {"uv": [0, 0, 16, 3], "texture": "#0"},
				"east": {"uv": [13, 0, 16, 4], "rotation": 90, "texture": "#0"},
				"south": {"uv": [0, 0, 16, 3], "texture": "#0"},
				"west": {"uv": [13, 0, 16, 4], "rotation": 270, "texture": "#0"},
				"up": {"uv": [0, 0, 16, 4], "texture": "#0"},
				"down": {"uv": [0, 4, 16, 0], "texture": "#0"}
			}
		},
		{
			"from": [0, 0, 12],
			"to": [16, 2, 16],
			"faces": {
				"north": {"uv": [0, 13, 16, 16], "texture": "#0"},
				"east": {"uv": [0, 11.75, 3, 16], "rotation": 90, "texture": "#0"},
				"south": {"uv": [0, 13, 16, 16], "texture": "#0"},
				"west": {"uv": [0, 11.75, 3, 16], "rotation": 270, "texture": "#0"},
				"up": {"uv": [0, 11.75, 16, 16], "texture": "#0"},
				"down": {"uv": [0, 16, 16, 11.75], "texture": "#0"}
			}
		},
		{
			"from": [0, 0, 4],
			"to": [1.5, 2, 12],
			"faces": {
				"north": {"uv": [0, 0, 0.375, 0.5], "texture": "#missing"},
				"east": {"uv": [0, 4, 3, 11.75], "rotation": 90, "texture": "#1"},
				"south": {"uv": [0, 0, 0.375, 0.5], "texture": "#missing"},
				"west": {"uv": [0, 4, 3, 11.75], "rotation": 90, "texture": "#1"},
				"up": {"uv": [0, 4, 1.5, 11.75], "texture": "#0"},
				"down": {"uv": [0, 11.75, 1.5, 4], "texture": "#0"}
			}
		},
		{
			"from": [14.5, 0, 4],
			"to": [16, 2, 12],
			"faces": {
				"north": {"uv": [0, 0, 0.375, 0.5], "texture": "#missing"},
				"east": {"uv": [0, 4, 3, 11.75], "rotation": 90, "texture": "#1"},
				"south": {"uv": [0, 0, 0.375, 0.5], "texture": "#missing"},
				"west": {"uv": [0, 4, 3, 11.75], "rotation": 90, "texture": "#1"},
				"up": {"uv": [14.5, 11.75, 16, 4], "texture": "#0"},
				"down": {"uv": [14.5, 4, 16, 11.75], "texture": "#0"}
			}
		},
		{
			"from": [1.5, 0.5, 4],
			"to": [14.5, 1.5, 12],
			"faces": {
				"up": {"uv": [1.5, 4, 14.5, 11.75], "texture": "#0"},
				"down": {"uv": [1.5, 11.75, 14.5, 4], "texture": "#0"}
			}
		}
	],
	"display": {
		"thirdperson_righthand": {
			"rotation": [69, 45, 1],
			"translation": [0, 3.25, 2.25],
			"scale": [0.5, 0.5, 0.5]
		},
		"thirdperson_lefthand": {
			"rotation": [69, 45, 1],
			"translation": [0, 3.25, 2.25],
			"scale": [0.5, 0.5, 0.5]
		},
		"firstperson_righthand": {
			"rotation": [53.75, 0, 0]
		},
		"firstperson_lefthand": {
			"rotation": [53.75, 0, 0]
		},
		"ground": {
			"translation": [0, 2, 0],
			"scale": [0.25, 0.25, 0.25]
		},
		"gui": {
			"rotation": [30, 225, 0],
			"scale": [0.625, 0.625, 0.625]
		},
		"head": {
			"translation": [0, 15, 0]
		},
		"fixed": {
			"rotation": [-90, 0, 0],
			"translation": [0, 0, -7],
			"scale": [0.9, 0.9, 0.9]
		}
	},
	"groups": [
		{
			"name": "trapdoor",
			"origin": [0, 0, 0],
			"color": 0,
			"children": [0, 1, 2, 3]
		},
		{
			"name": "window",
			"origin": [8, 8, 8],
			"color": 0,
			"children": [4]
		}
	]
}