{
	"ambientocclusion": false,
	"textures": {
		"slab": "block/smooth_stone",
		"particle": "block/comparator_on",
		"top": "block/comparator_on",
		"lit": "block/redstone_torch",
		"extra": "block/torch_extra"
	},
	"elements": [
		{
			"from": [0, 0, 0],
			"to": [16, 2, 16],
			"faces": {
				"north": {"uv": [0, 14, 16, 16], "texture": "#slab", "cullface": "north"},
				"east": {"uv": [0, 14, 16, 16], "texture": "#slab", "cullface": "east"},
				"south": {"uv": [0, 14, 16, 16], "texture": "#slab", "cullface": "south"},
				"west": {"uv": [0, 14, 16, 16], "texture": "#slab", "cullface": "west"},
				"up": {"uv": [0, 0, 16, 16], "texture": "#top"},
				"down": {"uv": [0, 0, 16, 16], "texture": "#slab", "cullface": "down"}
			}
		},
		{
			"from": [12.5, 7, 13.5],
			"to": [9.5, 5, 10.5],
			"faces": {
				"north": {"uv": [0, 0.5, 3, 2.5], "rotation": 180, "texture": "#extra"},
				"east": {"uv": [0, 0.5, 3, 2.5], "rotation": 180, "texture": "#extra"},
				"south": {"uv": [0, 0.5, 3, 2.5], "rotation": 180, "texture": "#extra"},
				"west": {"uv": [0, 0.5, 3, 2.5], "rotation": 180, "texture": "#extra"},
				"up": {"uv": [0, 0, 3, 3], "texture": "#extra"},
				"down": {"uv": [0, 0, 3, 3], "texture": "#extra"}
			}
		},
		{
			"from": [12, 7.5, 13],
			"to": [10, 7, 11],
			"faces": {
				"north": {"uv": [0.5, 0, 2.5, 0.5], "texture": "#extra"},
				"east": {"uv": [0, 0.5, 0.5, 2.5], "rotation": 90, "texture": "#extra"},
				"south": {"uv": [0.5, 2.5, 2.5, 3], "texture": "#extra"},
				"west": {"uv": [2.5, 0.5, 3, 2.5], "rotation": 90, "texture": "#extra"},
				"up": {"uv": [0, 0, 0, 0], "texture": "#extra"},
				"down": {"uv": [0.5, 0.5, 2.5, 2.5], "texture": "#extra"}
			}
		},
		{
			"from": [9, 5.5, 4],
			"to": [7, 5, 2],
			"faces": {
				"north": {"uv": [0.5, 0, 2.5, 0.5], "texture": "#extra"},
				"east": {"uv": [0, 0.5, 0.5, 2.5], "rotation": 90, "texture": "#extra"},
				"south": {"uv": [0.5, 2.5, 2.5, 3], "texture": "#extra"},
				"west": {"uv": [2.5, 0.5, 3, 2.5], "rotation": 90, "texture": "#extra"},
				"up": {"uv": [0, 0, 0, 0], "texture": "#extra"},
				"down": {"uv": [0.5, 0.5, 2.5, 2.5], "texture": "#extra"}
			}
		},
		{
			"from": [9.5, 5, 4.5],
			"to": [6.5, 3, 1.5],
			"faces": {
				"north": {"uv": [0, 0.5, 3, 2.5], "rotation": 180, "texture": "#extra"},
				"east": {"uv": [0, 0.5, 3, 2.5], "rotation": 180, "texture": "#extra"},
				"south": {"uv": [0, 0.5, 3, 2.5], "rotation": 180, "texture": "#extra"},
				"west": {"uv": [0, 0.5, 3, 2.5], "rotation": 180, "texture": "#extra"},
				"up": {"uv": [0, 0, 3, 3], "texture": "#extra"},
				"down": {"uv": [0, 0, 3, 3], "texture": "#extra"}
			}
		},
		{
			"from": [6, 7.5, 13],
			"to": [4, 7, 11],
			"faces": {
				"north": {"uv": [0.5, 0, 2.5, 0.5], "texture": "#extra"},
				"east": {"uv": [0, 0.5, 0.5, 2.5], "rotation": 90, "texture": "#extra"},
				"south": {"uv": [0.5, 2.5, 2.5, 3], "texture": "#extra"},
				"west": {"uv": [2.5, 0.5, 3, 2.5], "rotation": 90, "texture": "#extra"},
				"up": {"uv": [0, 0, 0, 0], "texture": "#extra"},
				"down": {"uv": [0.5, 0.5, 2.5, 2.5], "texture": "#extra"}
			}
		},
		{
			"from": [6.5, 7, 13.5],
			"to": [3.5, 5, 10.5],
			"faces": {
				"north": {"uv": [0, 0.5, 3, 2.5], "rotation": 180, "texture": "#extra"},
				"east": {"uv": [0, 0.5, 3, 2.5], "rotation": 180, "texture": "#extra"},
				"south": {"uv": [0, 0.5, 3, 2.5], "rotation": 180, "texture": "#extra"},
				"west": {"uv": [0, 0.5, 3, 2.5], "rotation": 180, "texture": "#extra"},
				"up": {"uv": [0, 0, 3, 3], "texture": "#extra"},
				"down": {"uv": [0, 0, 3, 3], "texture": "#extra"}
			}
		},
		{
			"from": [4, 2, 11],
			"to": [6, 7, 13],
			"faces": {
				"north": {"uv": [7, 6, 9, 11], "texture": "#lit"},
				"east": {"uv": [7, 6, 9, 11], "texture": "#lit"},
				"south": {"uv": [7, 6, 9, 11], "texture": "#lit"},
				"west": {"uv": [7, 6, 9, 11], "texture": "#lit"},
				"up": {"uv": [7, 6, 9, 8], "texture": "#lit"},
				"down": {"uv": [14, 0, 16, 2], "texture": "#extra"}
			}
		},
		{
			"from": [7, 2, 2],
			"to": [9, 5, 4],
			"faces": {
				"north": {"uv": [7, 6, 9, 9], "texture": "#lit"},
				"east": {"uv": [7, 6, 9, 9], "texture": "#lit"},
				"south": {"uv": [7, 6, 9, 9], "texture": "#lit"},
				"west": {"uv": [7, 6, 9, 9], "texture": "#lit"},
				"up": {"uv": [7, 6, 9, 8], "texture": "#lit"},
				"down": {"uv": [14, 0, 16, 2], "texture": "#extra"}
			}
		},
		{
			"from": [10, 2, 11],
			"to": [12, 7, 13],
			"faces": {
				"north": {"uv": [7, 6, 9, 11], "texture": "#lit"},
				"east": {"uv": [7, 6, 9, 11], "texture": "#lit"},
				"south": {"uv": [7, 6, 9, 11], "texture": "#lit"},
				"west": {"uv": [7, 6, 9, 11], "texture": "#lit"},
				"up": {"uv": [7, 6, 9, 8], "texture": "#lit"},
				"down": {"uv": [14, 0, 16, 2], "texture": "#extra"}
			}
		}
	]
}