{
	"ambientocclusion": false,
	"textures": {
		"extra": "block/torch_extra",
		"particle": "block/redstone_torch",
		"torch": "block/redstone_torch"
	},
	"elements": [
		{
			"from": [-1, 3.5, 7],
			"to": [1, 13.5, 9],
			"shade": false,
			"rotation": {"angle": -22.5, "axis": "z", "origin": [0, 3.5, 8]},
			"faces": {
				"north": {"uv": [7, 6, 9, 16], "texture": "#torch"},
				"east": {"uv": [7, 6, 9, 16], "texture": "#torch"},
				"south": {"uv": [7, 6, 9, 16], "texture": "#torch"},
				"west": {"uv": [7, 6, 9, 16], "texture": "#torch"},
				"up": {"uv": [7, 6, 9, 8], "texture": "#torch"},
				"down": {"uv": [14, 0, 16, 2], "texture": "#extra"}
			}
		},
		{
			"from": [-0.34, 13.735, 9],
			"to": [-2.34, 13.235, 7],
			"rotation": {"angle": -22.5, "axis": "z", "origin": [0, 0, 0]},
			"faces": {
				"north": {"uv": [0.5, 0, 2.5, 0.5], "texture": "#extra"},
				"east": {"uv": [0, 0.5, 0.5, 2.5], "rotation": 90, "texture": "#extra"},
				"south": {"uv": [0.5, 2.5, 2.5, 3], "texture": "#extra"},
				"west": {"uv": [2.5, 0.5, 3, 2.5], "rotation": 90, "texture": "#extra"},
				"down": {"uv": [0.5, 0.5, 2.5, 2.5], "texture": "#extra"}
			}
		},
		{
			"from": [0.16, 13.235, 9.5],
			"to": [-2.84, 11.235, 6.5],
			"rotation": {"angle": -22.5, "axis": "z", "origin": [0, 0, 0]},
			"faces": {
				"north": {"uv": [0, 0.5, 3, 2.5], "rotation": 180, "texture": "#extra"},
				"east": {"uv": [0, 0.5, 3, 2.5], "rotation": 180, "texture": "#extra"},
				"south": {"uv": [0, 0.5, 3, 2.5], "rotation": 180, "texture": "#extra"},
				"west": {"uv": [0, 0.5, 3, 2.5], "rotation": 180, "texture": "#extra"},
				"up": {"uv": [0, 0, 3, 3], "texture": "#extra"},
				"down": {"uv": [0, 0, 3, 3], "texture": "#extra"}
			}
		}
	]
}