{
	"ambientocclusion": false,
	"textures": {
		"slab": "block/smooth_stone",
		"particle": "block/repeater_on",
		"top": "block/repeater_on",
		"lit": "block/redstone_torch",
		"lock": "block/bedrock",
		"extra": "block/torch_extra"
	},
	"elements": [
		{
			"from": [0, 0, 0],
			"to": [16, 2, 16],
			"faces": {
				"north": {"uv": [0, 14, 16, 16], "texture": "#slab", "cullface": "north"},
				"east": {"uv": [0, 14, 16, 16], "texture": "#slab", "cullface": "east"},
				"south": {"uv": [0, 14, 16, 16], "texture": "#slab", "cullface": "south"},
				"west": {"uv": [0, 14, 16, 16], "texture": "#slab", "cullface": "west"},
				"up": {"uv": [0, 0, 16, 16], "texture": "#top"},
				"down": {"uv": [0, 0, 16, 16], "texture": "#slab", "cullface": "down"}
			}
		},
		{
			"from": [2, 2, 12],
			"to": [14, 4, 14],
			"faces": {
				"north": {"uv": [2, 7, 14, 9], "texture": "#lock"},
				"east": {"uv": [6, 7, 8, 9], "texture": "#lock"},
				"south": {"uv": [2, 7, 14, 9], "texture": "#lock"},
				"west": {"uv": [6, 7, 8, 9], "texture": "#lock"},
				"up": {"uv": [7, 2, 9, 14], "rotation": 90, "texture": "#lock"},
				"down": {"uv": [7, 2, 9, 14], "rotation": 90, "texture": "#lock"}
			}
		},
		{
			"from": [9, 7.5, 4],
			"to": [7, 7, 2],
			"faces": {
				"north": {"uv": [0.5, 0, 2.5, 0.5], "texture": "#extra"},
				"east": {"uv": [0, 0.5, 0.5, 2.5], "rotation": 90, "texture": "#extra"},
				"south": {"uv": [0.5, 2.5, 2.5, 3], "texture": "#extra"},
				"west": {"uv": [2.5, 0.5, 3, 2.5], "rotation": 90, "texture": "#extra"},
				"down": {"uv": [0.5, 0.5, 2.5, 2.5], "texture": "#extra"}
			}
		},
		{
			"from": [9.5, 7, 4.5],
			"to": [6.5, 5, 1.5],
			"faces": {
				"north": {"uv": [0, 0.5, 3, 2.5], "rotation": 180, "texture": "#extra"},
				"east": {"uv": [0, 0.5, 3, 2.5], "rotation": 180, "texture": "#extra"},
				"south": {"uv": [0, 0.5, 3, 2.5], "rotation": 180, "texture": "#extra"},
				"west": {"uv": [0, 0.5, 3, 2.5], "rotation": 180, "texture": "#extra"},
				"up": {"uv": [0, 0, 3, 3], "texture": "#extra"},
				"down": {"uv": [0, 0, 3, 3], "texture": "#extra"}
			}
		},
		{
			"from": [7, 2, 2],
			"to": [9, 7, 4],
			"faces": {
				"north": {"uv": [7, 6, 9, 11], "texture": "#lit"},
				"east": {"uv": [7, 6, 9, 11], "texture": "#lit"},
				"south": {"uv": [7, 6, 9, 11], "texture": "#lit"},
				"west": {"uv": [7, 6, 9, 11], "texture": "#lit"},
				"up": {"uv": [7, 6, 9, 8], "texture": "#lit"},
				"down": {"uv": [14, 0, 16, 2], "texture": "#extra"}
			}
		}
	]
}